time;cc;earfcn;pci;rsrp;pl;cfo;pci_neigh;rsrp_neigh;cfo_neigh;dl_mcs;dl_snr;dl_turbo;dl_brate;dl_bler;ul_ta;distance_km;speed_kmph;ul_mcs;ul_buff;ul_brate;ul_bler;rf_o;rf_u;rf_l;is_attached;proc_rmem;proc_rmem_kB;proc_vmem_kB;sys_mem;sys_load;thread_count;cpu_0;cpu_1;cpu_2;cpu_3;cpu_4;cpu_5;cpu_6;cpu_7;cpu_8;cpu_9;cpu_10;cpu_11;cpu_12;cpu_13;cpu_14;cpu_15;cpu_16;cpu_17;cpu_18;cpu_19;cpu_20;cpu_21;cpu_22;cpu_23;cpu_24;cpu_25;cpu_26;cpu_27;cpu_28;cpu_29;cpu_30;cpu_31
813600862;0;368500;1;33;0.0;-0.0000025;n/a;n/a;n/a;27;inf;1.1;959775.125000;0;0.0;0.0;0.0;28;3.0;145895.578125;0;0.0;0.0;0.0;0.0;0.20;785976;1525224;95;1.4;16;59;86;60;74;55;73;58;80;80;75;65;80;60;82;57;75;60;89;59;74;66;74;59;73;76;69;62;89;64;85;57;73
813601861;0;368500;1;33;0.0;0.0000021;n/a;n/a;n/a;27;70;1.1;703968.125000;0;0.0;0.0;0.0;28;58;155601.593750;0;0.0;0.0;0.0;0.0;0.20;785976;1525224;95;1.4;16;63;76;62;76;66;74;62;65;93;68;61;86;60;86;64;69;61;73;63;80;66;72;62;68;77;67;60;99;64;78;62;68
813602860;0;368500;1;38;0.0;-0.0000040;n/a;n/a;n/a;27;inf;1.0;41806.453125;0;0.0;0.0;0.0;28;0.0;148290.328125;0;0.0;0.0;0.0;0.0;0.20;785976;1525224;95;1.3;16;69;69;65;95;61;88;71;79;79;69;68;77;62;77;62;78;64;69;66;87;67;79;68;73;72;67;69;76;63;74;61;78
813603858;0;368500;1;38;0.0;-0.0000031;n/a;n/a;n/a;26;63;1.0;14857.142578;0;0.0;0.0;0.0;28;0.0;120666.664062;0;0.0;0.0;0.0;0.0;0.20;785976;1525224;95;1.3;16;74;86;78;77;68;68;64;68;64;82;63;78;69;83;63;78;67;80;76;78;68;63;65;72;65;90;65;76;73;81;65;77
813604856;0;368500;1;38;0.0;-0.0000047;n/a;n/a;n/a;26;70;1.0;17408.000000;0;0.0;0.0;0.0;28;0.0;156416.000000;0;0.0;0.0;0.0;0.0;0.20;785976;1525224;95;1.3;16;64;72;73;79;90;84;69;76;65;75;61;78;64;81;64;73;64;74;69;87;74;83;66;75;61;82;64;83;63;79;68;74
813605855;0;368500;1;38;0.0;-0.0000073;n/a;n/a;n/a;26;64;1.0;14848.000000;0;0.0;0.0;0.0;28;0.0;121632.000000;0;0.0;0.0;0.0;0.0;0.20;785976;1525224;95;1.3;16;61;71;64;74;68;88;75;82;68;82;73;81;66;74;61;74;61;73;63;87;63;77;67;80;66;93;75;76;66;68;65;70
813606854;0;368500;1;40;0.0;-0.000027;n/a;n/a;n/a;27;inf;1.0;12544.000000;0;0.0;0.0;0.0;28;58;101632.000000;0;0.0;0.0;0.0;0.0;0.20;785976;1525224;95;1.3;16;65;68;66;78;63;76;67;87;68;85;68;75;64;80;69;68;71;69;67;74;68;67;75;90;65;77;67;81;65;77;68;72
813607853;0;368500;1;26;0.0;-0.000019;n/a;n/a;n/a;27;70;1.0;2756864.000000;0;0.0;0.0;0.0;27;3.0;164288.000000;0;0.0;0.0;0.0;0.0;0.20;785976;1525224;95;1.7;16;67;96;65;89;62;67;73;73;62;73;62;75;64;74;62;73;61;95;64;86;62;69;95;69;64;69;65;77;63;75;63;74
813608852;0;368500;1;33;0.0;-0.000015;n/a;n/a;n/a;27;inf;1.2;676352.000000;0;0.0;0.0;0.0;28;58;159104.000000;0;0.0;0.0;0.0;0.0;0.20;785976;1525224;95;1.5;16;60;75;58;95;61;75;74;71;66;72;60;87;60;80;72;73;59;73;59;86;58;76;82;71;64;70;57;89;56;81;65;70
813609851;0;368500;1;34;0.0;-0.000011;n/a;n/a;n/a;27;70;1.0;396048.187500;0;0.0;0.0;0.0;28;0.0;169028.109375;0;0.0;0.0;0.0;0.0;0.20;785976;1525224;95;1.4;16;64;84;60;74;63;75;82;78;70;79;64;83;61;79;60;77;63;80;61;75;59;82;75;78;70;83;59;82;61;78;64;85
813610850;0;368500;1;39;0.0;-0.000012;n/a;n/a;n/a;27;inf;1.0;15171.314453;0;0.0;0.0;0.0;28;0.0;118310.757812;0;0.0;0.0;0.0;0.0;0.20;785976;1525224;95;1.3;16;64;66;61;67;63;72;58;76;84;72;63;75;59;86;58;91;63;75;59;68;64;71;60;72;76;75;70;76;59;95;64;85
813611849;0;368500;1;36;0.0;-0.0000063;n/a;n/a;n/a;27;70;1.0;22656.000000;0;0.0;0.0;0.0;28;0.0;144544.000000;0;0.0;0.0;0.0;0.0;0.20;785976;1525224;95;1.3;16;64;79;63;68;70;76;66;69;64;79;72;81;60;91;61;83;61;86;62;70;68;83;69;77;71;79;76;75;63;86;63;82
813612848;0;368500;1;39;0.0;-0.0000088;n/a;n/a;n/a;26;70;1.0;12721.311523;0;0.0;0.0;0.0;28;0.0;121475.406250;0;0.0;0.0;0.0;0.0;0.20;785976;1525224;95;1.2;16;57;86;58;77;57;84;58;77;63;69;59;86;60;68;89;70;60;79;56;75;56;92;57;79;59;73;59;97;59;66;70;72
813613847;0;368500;1;38;0.0;0.00000091;n/a;n/a;n/a;27;70;1.0;19701.960938;0;0.0;0.0;0.0;28;58;118807.843750;0;0.0;0.0;0.0;0.0;0.20;785976;1525224;95;1.3;16;65;86;62;79;63;75;60;93;62;75;66;79;69;67;80;71;62;80;61;81;67;70;65;85;61;73;63;77;59;65;85;71
813614846;0;368500;1;38;0.0;-0.0000028;n/a;n/a;n/a;26;inf;1.0;17338.644531;0;0.0;0.0;0.0;28;0.0;120637.453125;0;0.0;0.0;0.0;0.0;0.20;785976;1525224;95;1.3;16;58;82;63;74;58;75;60;73;56;84;70;76;74;70;70;95;57;86;64;70;61;69;58;79;56;90;63;83;68;71;69;89
813615844;0;368500;1;37;0.0;-0.0000032;n/a;n/a;n/a;27;70;1.0;20224.000000;0;0.0;0.0;0.0;28;0.0;107392.000000;0;0.0;0.0;0.0;0.0;0.20;785976;1525224;95;1.3;16;61;82;60;69;79;78;64;81;63;78;66;78;63;81;59;80;60;84;61;71;77;84;57;80;61;82;61;79;66;81;62;83
813616843;0;368500;1;38;0.0;-0.0000055;n/a;n/a;n/a;27;70;1.1;68144.578125;0;0.0;0.0;0.0;28;0.0;162698.796875;0;0.0;0.0;0.0;0.0;0.20;785976;1525224;95;1.3;16;61;74;60;77;62;70;61;71;66;85;62;85;88;81;62;71;60;77;65;71;66;73;63;72;66;97;63;80;84;89;68;75
813617842;0;368500;1;34;0.0;-0.00000015;n/a;n/a;n/a;27;70;1.1;270629.468750;0;0.0;0.0;0.0;28;0.0;191075.703125;0;0.0;0.0;0.0;0.0;0.20;785976;1525224;95;1.4;16;73;73;64;67;67;71;61;76;62;72;64;83;68;90;65;71;87;75;62;70;67;73;59;74;61;74;65;91;73;84;67;82
813618841;0;368500;1;35;0.0;-0.0000052;n/a;n/a;n/a;27;inf;1.0;474419.343750;0;0.0;0.0;0.0;28;3.0;166483.875000;0;0.0;0.0;0.0;0.0;0.20;785976;1525224;95;1.4;16;83;73;69;67;59;87;60;88;59;72;63;71;67;82;61;69;74;82;66;70;64;96;67;97;62;74;61;70;65;76;66;66
813619839;0;368500;1;32;0.0;-0.0000010;n/a;n/a;n/a;27;64;1.1;643174.625000;0;0.0;0.0;0.0;28;0.0;146507.937500;0;0.0;0.0;0.0;0.0;0.20;785976;1525224;95;1.4;16;84;70;64;69;64;87;60;87;63;73;68;85;67;78;65;69;90;69;66;71;67;88;62;92;65;74;70;87;64;73;68;68
813620838;0;368500;1;32;0.0;-0.000017;n/a;n/a;n/a;27;70;1.1;678656.000000;0;0.0;0.0;0.0;28;0.0;182336.000000;0;0.0;0.0;0.0;0.0;0.20;785976;1525224;95;1.4;16;90;80;60;68;59;80;58;83;64;69;61;87;60;83;63;75;77;84;58;71;64;73;64;85;60;67;66;86;63;74;68;66
813621836;0;368500;1;32;0.0;-0.000022;n/a;n/a;n/a;27;70;1.1;776096.000000;0;0.0;0.0;0.0;28;0.0;150048.000000;0;0.0;0.0;0.0;0.0;0.20;785976;1525224;95;1.5;16;62;69;85;88;64;75;63;74;64;72;62;86;70;70;63;83;65;75;80;92;66;76;64;71;65;72;66;77;64;70;70;81
813622835;0;368500;1;35;0.0;-0.0000098;n/a;n/a;n/a;28;inf;1.1;618720.000000;0;0.0;0.0;0.0;28;58;139264.000000;0;0.0;0.0;0.0;0.0;0.20;785976;1525224;95;1.4;16;66;82;65;73;65;74;69;69;61;70;60;77;72;74;83;79;63;83;69;72;66;78;65;74;64;73;61;85;69;80;73;74
813623834;0;368500;1;32;0.0;-0.0000053;n/a;n/a;n/a;27;70;1.0;726811.250000;0;0.0;0.0;0.0;28;3.0;185734.937500;0;0.0;0.0;0.0;0.0;0.20;785976;1525224;95;1.4;16;63;84;70;83;64;76;74;85;65;82;81;74;62;68;60;68;60;84;69;80;68;77;67;82;67;71;66;73;61;67;64;67
813624833;0;368500;1;35;0.0;-0.0000078;n/a;n/a;n/a;27;inf;1.1;441912.343750;0;0.0;0.0;0.0;28;58;141513.937500;0;0.0;0.0;0.0;0.0;0.20;785976;1525224;95;1.4;16;67;68;70;84;76;71;67;94;63;77;61;73;60;70;68;87;65;68;67;82;80;68;63;97;62;71;62;71;61;75;67;77
813625831;0;368500;1;37;0.0;-0.000029;n/a;n/a;n/a;27;70;1.0;20096.000000;0;0.0;0.0;0.0;28;0.0;126912.000000;0;0.0;0.0;0.0;0.0;0.20;785976;1525224;95;1.3;16;59;69;56;78;80;91;56;80;67;68;61;70;61;89;63;68;63;75;59;73;78;89;57;87;67;67;62;72;64;90;64;68
813626830;0;368500;1;39;0.0;-0.000021;n/a;n/a;n/a;26;inf;1.0;14779.116211;0;0.0;0.0;0.0;28;0.0;136481.921875;0;0.0;0.0;0.0;0.0;0.20;785976;1525224;95;1.3;16;64;84;68;77;64;73;65;63;76;68;66;70;64;99;66;81;63;76;66;84;71;68;66;68;91;68;67;67;65;86;66;75
813627829;0;368500;1;37;0.0;-0.000031;n/a;n/a;n/a;27;70;1.0;20398.406250;0;0.0;0.0;0.0;27;0.0;126119.523438;0;0.0;0.0;0.0;0.0;0.20;785976;1525224;95;1.3;16;66;81;69;81;66;91;62;75;84;77;68;69;64;75;64;70;66;77;66;84;68;81;66;72;83;83;67;71;70;82;67;68
813628828;0;368500;1;27;0.0;-0.000021;n/a;n/a;n/a;28;64;1.0;2287246.000000;0;0.0;0.0;0.0;28;0.0;157344.265625;0;0.0;0.0;0.0;0.0;0.20;785976;1525224;95;1.6;16;63;81;64;80;64;82;65;68;75;85;64;73;62;82;60;77;63;82;60;74;65;76;77;70;72;84;62;75;65;77;63;78
813629826;0;368500;1;32;0.0;-0.000020;n/a;n/a;n/a;27;70;1.1;734343.750000;0;0.0;0.0;0.0;28;3.0;141281.250000;0;0.0;0.0;0.0;0.0;0.20;785976;1525224;95;1.4;16;60;81;68;76;81;75;72;71;63;84;66;89;60;71;62;89;61;82;68;80;65;84;70;77;62;76;63;82;64;72;68;83
813630825;0;368500;1;34;0.0;-0.000023;n/a;n/a;n/a;27;70;1.2;499008.000000;0;0.0;0.0;0.0;28;69;150784.000000;0;0.0;0.0;0.0;0.0;0.20;785976;1525224;95;1.4;16;64;75;63;94;58;71;93;82;60;74;59;74;59;64;57;78;58;83;60;83;58;70;74;85;59;77;58;72;65;66;59;78
813631824;0;368500;1;33;0.0;-0.000027;n/a;n/a;n/a;27;70;1.2;276256.000000;0;0.0;0.0;0.0;28;0.0;185536.000000;0;0.0;0.0;0.0;0.0;0.20;785976;1525224;95;1.4;16;61;81;60;85;60;83;62;79;58;85;75;84;61;68;59;71;58;79;61;86;60;78;63;76;60;88;83;82;76;67;69;68
813632823;0;368500;1;32;0.0;-0.000014;n/a;n/a;n/a;27;64;1.1;238057.609375;0;0.0;0.0;0.0;28;0.0;211983.546875;0;0.0;0.0;0.0;0.0;0.20;785976;1525224;95;1.3;16;56;82;55;89;57;77;55;76;60;72;70;90;72;84;62;77;59;78;60;90;53;80;55;73;67;71;59;84;71;90;61;81
813633822;0;368500;1;34;0.0;-0.000024;n/a;n/a;n/a;27;70;1.2;265867.718750;0;0.0;0.0;0.0;28;3.0;192249.031250;0;0.0;0.0;0.0;0.0;0.20;785976;1525224;95;1.4;16;65;79;68;98;64;77;59;65;72;78;61;72;67;73;72;74;68;89;67;93;61;74;63;68;71;74;60;76;67;73;69;74
813634821;0;368500;1;34;0.0;-0.000014;n/a;n/a;n/a;27;70;1.2;323648.000000;0;0.0;0.0;0.0;28;0.0;192064.000000;0;0.0;0.0;0.0;0.0;0.20;785976;1525224;95;1.4;16;68;98;65;72;68;72;61;85;82;67;64;67;61;70;62;76;71;96;71;80;66;76;63;83;68;65;64;68;66;71;65;78
813635819;0;368500;1;33;0.0;-0.0000049;n/a;n/a;n/a;27;64;1.2;323904.000000;0;0.0;0.0;0.0;28;0.0;225696.000000;0;0.0;0.0;0.0;0.0;0.20;785976;1525224;95;1.4;16;60;90;75;95;56;69;56;77;58;77;63;68;56;67;61;75;59;86;85;90;56;71;58;83;58;70;59;71;62;67;66;75
813636818;0;368500;1;38;0.0;-0.0000077;n/a;n/a;n/a;26;inf;1.0;19919.679688;0;0.0;0.0;0.0;28;66;175132.531250;0;0.0;0.0;0.0;0.0;0.20;785976;1525224;95;1.3;16;58;73;64;78;67;69;59;84;65;73;59;72;54;93;63;89;58;78;67;76;60;72;58;96;65;72;60;78;62;82;65;81
813637816;0;368500;1;33;0.0;-0.000030;n/a;n/a;n/a;27;70;1.0;452462.156250;0;0.0;0.0;0.0;28;58;144286.859375;0;0.0;0.0;0.0;0.0;0.20;785976;1525224;95;1.4;16;58;77;60;76;60;88;62;70;79;77;59;77;56;86;55;73;56;78;58;61;59;95;57;72;83;82;57;77;61;88;58;74
813638815;0;368500;1;27;0.0;-0.000022;n/a;n/a;n/a;27;inf;1.0;2404256.000000;0;0.0;0.0;0.0;28;58;179872.000000;0;0.0;0.0;0.0;0.0;0.20;785976;1525224;95;1.6;16;58;87;63;75;66;75;62;72;73;79;69;90;66;92;61;64;58;80;62;82;75;73;63;74;65;76;63;92;67;79;64;74
813639814;0;368500;1;35;0.0;-0.000020;n/a;n/a;n/a;27;70;1.0;27759.037109;0;0.0;0.0;0.0;28;58;200353.406250;0;0.0;0.0;0.0;0.0;0.20;785976;1525224;95;1.4;16;72;69;65;74;61;70;61;77;63;79;60;75;66;89;66;98;72;68;62;75;65;72;63;81;72;83;58;80;70;92;62;87
813640813;0;368500;1;37;0.0;-0.0000014;n/a;n/a;n/a;27;inf;1.0;22565.736328;0;0.0;0.0;0.0;28;58;146772.906250;0;0.0;0.0;0.0;0.0;0.20;785976;1525224;95;1.3;16;79;93;64;73;62;76;59;78;58;73;59;74;60;84;57;83;81;97;62;72;59;76;63;78;62;81;60;70;62;81;58;79
813641811;0;368500;1;33;0.0;0.0000018;n/a;n/a;n/a;27;70;1.1;425344.000000;0;0.0;0.0;0.0;28;0.0;197152.000000;0;0.0;0.0;0.0;0.0;0.20;785976;1525224;95;1.4;16;76;87;63;78;66;68;74;68;65;70;65;73;65;86;65;83;80;88;63;76;62;70;68;70;65;67;65;66;67;92;61;84
813642809;0;368500;1;34;0.0;0.0000017;n/a;n/a;n/a;28;inf;1.1;606272.000000;0;0.0;0.0;0.0;28;58;127392.000000;0;0.0;0.0;0.0;0.0;0.20;785976;1525224;95;1.4;16;63;68;64;70;66;67;64;90;78;87;63;74;62;91;70;75;73;68;63;68;68;69;67;85;82;86;60;75;64;89;66;73
813643806;0;368500;1;34;0.0;-0.000010;n/a;n/a;n/a;27;70;1.1;397879.531250;0;0.0;0.0;0.0;28;0.0;147887.546875;0;0.0;0.0;0.0;0.0;0.20;785976;1525224;95;1.4;16;61;76;67;80;68;72;64;76;69;78;71;77;59;89;67;75;61;72;70;70;69;71;62;82;65;82;69;71;62;93;64;80
813644803;0;368500;1;39;0.0;-0.0000014;n/a;n/a;n/a;27;inf;1.0;15287.449219;0;0.0;0.0;0.0;28;0.0;119967.609375;0;0.0;0.0;0.0;0.0;0.20;785976;1525224;95;1.3;16;67;90;75;93;63;84;64;75;65;72;73;68;67;71;65;84;68;82;68;87;63;84;63;77;61;74;74;70;69;70;65;78
813645802;0;368500;1;38;0.0;-0.0000023;n/a;n/a;n/a;26;70;1.0;17133.857422;0;0.0;0.0;0.0;28;0.0;153606.296875;0;0.0;0.0;0.0;0.0;0.20;785976;1525224;95;1.3;16;61;70;82;88;60;89;68;81;63;64;67;81;66;82;64;68;61;70;83;77;64;75;65;86;62;70;63;75;66;85;71;66
813646799;0;368500;1;36;0.0;-0.0000021;n/a;n/a;n/a;27;inf;1.1;120256.000000;0;0.0;0.0;0.0;28;0.0;180352.000000;0;0.0;0.0;0.0;0.0;0.20;785976;1525224;95;1.3;16;68;79;74;77;58;68;65;81;62;79;60;71;66;84;62;68;61;71;66;83;64;69;66;81;62;87;60;70;70;89;73;78
813647797;0;368500;1;31;0.0;-0.000018;n/a;n/a;n/a;27;70;1.1;381472.000000;0;0.0;0.0;0.0;28;82;182432.000000;0;0.0;0.0;0.0;0.0;0.20;785976;1525224;95;1.4;16;68;80;66;73;64;79;62;82;59;82;62;79;63;87;67;68;72;75;62;74;65;71;59;70;59;87;61;81;72;84;62;66
813648795;0;368500;1;29;0.0;-0.000018;n/a;n/a;n/a;27;inf;1.2;534752.000000;0;0.0;0.0;0.0;28;0.0;241120.000000;0;0.0;0.0;0.0;0.0;0.20;785976;1525224;95;1.5;16;69;70;79;81;66;88;64;88;62;71;72;69;68;69;63;62;66;73;76;84;68;81;66;87;64;70;71;75;67;67;63;68
813649794;0;368500;1;33;0.0;-0.00000044;n/a;n/a;n/a;27;63;1.2;322400.000000;0;0.0;0.0;0.0;28;0.0;223488.000000;0;0.0;0.0;0.0;0.0;0.20;785976;1525224;95;1.4;16;63;91;86;67;66;79;74;87;64;71;62;84;62;66;63;79;69;86;80;67;67;73;67;79;64;79;66;76;74;67;63;57
813650793;0;368500;1;32;0.0;-0.000011;n/a;n/a;n/a;27;inf;1.0;601408.000000;0;0.0;0.0;0.0;28;0.0;186144.000000;0;0.0;0.0;0.0;0.0;0.20;785976;1525224;95;1.4;16;63;72;74;77;60;91;62;68;62;75;62;68;62;91;64;72;61;77;93;72;70;85;64;67;66;78;60;70;66;87;60;69
813651792;0;368500;1;30;0.0;-0.0000044;n/a;n/a;n/a;27;70;1.0;1176385.500000;0;0.0;0.0;0.0;28;0.0;189686.750000;0;0.0;0.0;0.0;0.0;0.20;785976;1525224;95;1.5;16;62;83;65;93;81;72;60;90;59;70;78;70;59;73;63;76;61;92;62;85;68;72;59;82;63;70;72;67;66;73;61;73
813652791;0;368500;1;36;0.0;-0.00000075;n/a;n/a;n/a;27;inf;1.0;72605.578125;0;0.0;0.0;0.0;28;58;225848.609375;0;0.0;0.0;0.0;0.0;0.20;785976;1525224;95;1.3;16;61;67;64;94;73;76;85;73;60;77;61;66;58;65;59;96;62;69;63;86;67;74;75;75;60;83;65;67;63;67;60;84
813653790;0;368500;1;33;0.0;-0.0000021;n/a;n/a;n/a;27;70;1.0;495741.937500;0;0.0;0.0;0.0;28;3.0;151548.390625;0;0.0;0.0;0.0;0.0;0.20;785976;1525224;95;1.5;16;61;67;69;87;68;73;64;73;61;83;62;86;62;76;75;79;63;70;72;84;74;72;61;78;62;84;61;78;67;79;70;77
813654789;0;368500;1;34;0.0;-0.0000032;n/a;n/a;n/a;27;inf;1.1;591079.375000;0;0.0;0.0;0.0;28;0.0;141079.359375;0;0.0;0.0;0.0;0.0;0.20;785976;1525224;95;1.4;16;62;76;72;83;68;80;56;66;57;76;58;76;58;82;68;83;61;74;69;91;68;83;58;72;56;84;61;71;62;72;67;84
813655788;0;368500;1;31;0.0;-0.0000075;n/a;n/a;n/a;27;70;1.1;747360.000000;0;0.0;0.0;0.0;28;0.0;147392.000000;0;0.0;0.0;0.0;0.0;0.20;785976;1525224;95;1.4;16;63;79;77;78;68;72;71;72;63;74;65;71;66;96;64;73;62;71;87;73;67;68;70;72;66;80;63;66;66;82;64;72
813656787;0;368500;1;35;0.0;-0.0000050;n/a;n/a;n/a;27;inf;1.1;496000.000000;0;0.0;0.0;0.0;28;66;157751.000000;0;0.0;0.0;0.0;0.0;0.20;785976;1525224;95;1.4;16;59;77;72;72;60;76;67;69;69;69;71;80;59;78;64;86;58;81;60;82;64;70;66;80;62;65;66;78;64;78;64;87
813657785;0;368500;1;31;0.0;-0.0000058;n/a;n/a;n/a;27;70;1.1;381450.187500;0;0.0;0.0;0.0;28;66;138836.656250;0;0.0;0.0;0.0;0.0;0.20;785976;1525224;95;1.4;16;60;70;72;76;57;76;58;85;67;67;62;84;70;77;58;85;60;77;63;82;64;75;61;78;80;66;60;79;70;76;59;87
813658784;0;368500;1;34;0.0;-0.0000062;n/a;n/a;n/a;27;inf;1.2;322506.031250;0;0.0;0.0;0.0;28;66;198618.468750;0;0.0;0.0;0.0;0.0;0.20;785976;1525224;95;1.4;16;72;73;68;66;61;68;59;82;67;83;59;75;60;97;59;71;73;73;70;68;65;69;59;86;74;86;60;70;60;92;60;70
813659783;0;368500;1;32;0.0;-0.0000077;n/a;n/a;n/a;27;70;1.1;251569.718750;0;0.0;0.0;0.0;28;0.0;185083.671875;0;0.0;0.0;0.0;0.0;0.20;785976;1525224;95;1.3;16;66;66;64;70;67;80;71;75;60;81;59;77;67;87;63;84;71;70;64;70;62;87;61;72;60;84;62;76;65;83;58;86
813660782;0;368500;1;34;0.0;-0.0000018;n/a;n/a;n/a;27;64;1.2;276800.000000;0;0.0;0.0;0.0;28;0.0;210416.328125;0;0.0;0.0;0.0;0.0;0.20;785976;1525224;95;1.3;16;69;87;60;78;62;71;62;77;59;75;70;70;56;90;62;77;64;96;62;72;59;66;66;77;57;73;80;72;61;83;58;75
813661781;0;368500;1;35;0.0;-0.0000073;n/a;n/a;n/a;27;64;1.1;219105.875000;0;0.0;0.0;0.0;28;0.0;184627.453125;0;0.0;0.0;0.0;0.0;0.20;785976;1525224;95;1.4;16;62;70;68;68;63;92;71;86;63;66;66;78;78;76;64;72;67;71;63;69;64;78;64;96;62;65;60;74;68;84;61;72
813662780;0;368500;1;39;0.0;-0.0000088;n/a;n/a;n/a;26;inf;1.0;14848.000000;0;0.0;0.0;0.0;28;58;135936.000000;0;0.0;0.0;0.0;0.0;0.20;785976;1525224;95;1.3;16;64;74;60;76;68;80;58;67;58;69;57;83;58;95;78;78;62;70;60;80;88;79;59;69;59;64;58;73;65;92;64;80
813663778;0;368500;1;29;0.0;-0.0000043;n/a;n/a;n/a;27;63;1.1;1602016.000000;0;0.0;0.0;0.0;28;0.0;197280.000000;0;0.0;0.0;0.0;0.0;0.20;785976;1525224;95;1.6;16;60;62;62;85;77;69;67;67;62;71;71;70;65;72;68;77;61;79;62;78;71;76;71;72;68;84;70;69;67;70;65;89
813664777;0;368500;1;35;0.0;-0.0000064;n/a;n/a;n/a;27;inf;1.0;301120.000000;0;0.0;0.0;0.0;28;58;167776.000000;0;0.0;0.0;0.0;0.0;0.20;785976;1525224;95;1.4;16;58;90;59;85;63;72;61;72;59;79;76;74;59;72;62;69;58;92;59;88;60;76;59;75;63;80;88;83;67;69;60;69
813665776;0;368500;1;31;0.0;-0.0000074;n/a;n/a;n/a;27;70;1.1;684401.625000;0;0.0;0.0;0.0;28;3.0;185606.421875;0;0.0;0.0;0.0;0.0;0.20;785976;1525224;95;1.5;16;63;82;63;75;63;71;63;64;66;75;77;72;73;93;68;68;64;88;61;81;62;68;65;67;66;83;77;70;69;77;63;68
813666775;0;368500;1;33;0.0;-0.000024;n/a;n/a;n/a;27;inf;1.1;598624.000000;0;0.0;0.0;0.0;28;58;130848.000000;0;0.0;0.0;0.0;0.0;0.20;785976;1525224;95;1.4;16;60;66;60;72;59;83;63;78;62;66;59;68;89;83;64;82;59;66;59;78;60;81;66;77;59;68;64;71;79;83;60;89
813667774;0;368500;1;31;0.0;-0.000022;n/a;n/a;n/a;27;70;1.1;752701.187500;0;0.0;0.0;0.0;28;3.0;138294.828125;0;0.0;0.0;0.0;0.0;0.20;785976;1525224;95;1.4;16;67;72;57;89;60;72;59;75;64;79;70;68;65;77;71;73;61;76;59;85;63;69;59;85;64;88;68;70;62;80;79;78
813668772;0;368500;1;36;0.0;-0.000031;n/a;n/a;n/a;28;inf;1.2;420000.000000;0;0.0;0.0;0.0;28;0.0;138880.000000;0;0.0;0.0;0.0;0.0;0.20;785976;1525224;95;1.4;16;62;81;85;73;59;68;59;93;60;91;60;68;58;63;66;75;61;77;77;72;59;63;58;81;61;90;64;67;64;65;60;75
813669771;0;368500;1;33;0.0;-0.000026;n/a;n/a;n/a;27;70;1.2;276128.000000;0;0.0;0.0;0.0;28;3.0;145504.000000;0;0.0;0.0;0.0;0.0;0.20;785976;1525224;95;1.4;16;62;72;62;67;58;67;67;88;62;91;65;74;58;66;62;79;59;75;75;67;63;70;59;89;74;97;63;78;64;66;63;77
813670770;0;368500;1;32;0.0;-0.000028;n/a;n/a;n/a;27;inf;1.2;376514.062500;0;0.0;0.0;0.0;28;66;181108.437500;0;0.0;0.0;0.0;0.0;0.20;785976;1525224;95;1.4;16;62;71;58;86;61;71;72;79;72;85;61;69;67;67;64;82;60;75;63;75;60;71;66;87;70;86;60;71;67;67;61;79
813671769;0;368500;1;32;0.0;-0.000028;n/a;n/a;n/a;27;70;1.2;325163.343750;0;0.0;0.0;0.0;28;69;158470.125000;0;0.0;0.0;0.0;0.0;0.20;785976;1525224;95;1.3;16;60;78;59;69;64;73;64;85;66;87;62;70;72;74;81;80;64;75;62;78;60;78;63;78;65;93;61;70;67;74;80;78
813672768;0;368500;1;32;0.0;-0.000026;n/a;n/a;n/a;27;70;1.2;376832.000000;0;0.0;0.0;0.0;28;69;186240.000000;0;0.0;0.0;0.0;0.0;0.20;785976;1525224;95;1.4;16;62;75;62;91;62;81;63;74;62;78;62;79;65;84;83;68;63;75;63;80;65;80;65;78;62;72;66;77;71;84;81;68
813673767;0;368500;1;33;0.0;-0.000024;n/a;n/a;n/a;27;70;1.2;273856.000000;0;0.0;0.0;0.0;28;0.0;206080.000000;0;0.0;0.0;0.0;0.0;0.20;785976;1525224;95;1.4;16;64;87;68;78;62;65;66;84;63;86;61;71;76;68;64;81;63;82;77;75;64;69;66;82;73;69;60;76;74;65;59;82
813674766;0;368500;1;30;0.0;-0.000026;n/a;n/a;n/a;27;inf;1.1;1369376.000000;0;0.0;0.0;0.0;28;58;200256.000000;0;0.0;0.0;0.0;0.0;0.20;785976;1525224;95;1.5;16;63;85;77;79;62;68;64;78;61;67;63;83;61;77;69;69;64;78;90;85;63;76;69;73;60;67;63;78;64;82;66;73
813675764;0;368500;1;35;0.0;-0.000018;n/a;n/a;n/a;26;70;1.0;27520.000000;0;0.0;0.0;0.0;28;0.0;188064.000000;0;0.0;0.0;0.0;0.0;0.20;785976;1525224;95;1.4;16;75;78;81;66;64;66;64;75;66;70;66;76;69;80;69;92;72;85;81;73;69;62;69;67;71;74;64;59;69;87;62;91
813676762;0;368500;1;36;0.0;-0.0000020;n/a;n/a;n/a;27;inf;1.0;118976.000000;0;0.0;0.0;0.0;28;0.0;165024.000000;0;0.0;0.0;0.0;0.0;0.20;785976;1525224;95;1.3;16;62;71;79;85;61;65;63;91;63;69;60;82;60;89;76;70;63;73;81;76;62;62;72;81;64;68;69;78;61;91;60;74
813677760;0;368500;1;34;0.0;-0.0000036;n/a;n/a;n/a;27;70;1.0;300864.000000;0;0.0;0.0;0.0;28;58;208480.000000;0;0.0;0.0;0.0;0.0;0.20;785976;1525224;95;1.4;16;60;82;59;92;58;76;59;75;62;77;64;68;59;84;82;69;61;78;62;85;60;69;62;74;59;88;61;70;59;84;84;71
813678759;0;368500;1;33;0.0;0.0000057;n/a;n/a;n/a;27;inf;1.1;764544.000000;0;0.0;0.0;0.0;28;0.0;185216.000000;0;0.0;0.0;0.0;0.0;0.20;785976;1525224;95;1.4;16;66;68;61;89;61;65;63;85;68;73;58;67;62;95;75;73;60;70;62;88;59;66;62;80;65;78;59;70;64;78;75;69
813679756;0;368500;1;32;0.0;-0.0000015;n/a;n/a;n/a;27;65;1.0;619277.125000;0;0.0;0.0;0.0;28;0.0;162827.312500;0;0.0;0.0;0.0;0.0;0.20;785976;1525224;95;1.4;16;67;65;63;92;63;62;63;77;59;74;81;68;64;88;64;68;68;67;62;84;62;68;66;87;65;87;79;70;63;84;73;66
813680755;0;368500;1;33;0.0;-0.0000019;n/a;n/a;n/a;27;70;1.1;595059.750000;0;0.0;0.0;0.0;28;0.0;164685.265625;0;0.0;0.0;0.0;0.0;0.20;785976;1525224;95;1.4;16;71;75;61;66;56;73;56;66;82;84;61;76;65;93;62;70;61;73;58;66;59;71;62;71;74;80;62;90;60;85;61;74
813681754;0;368500;1;33;0.0;-0.00000026;n/a;n/a;n/a;27;63;1.1;731776.000000;0;0.0;0.0;0.0;28;0.0;162080.000000;0;0.0;0.0;0.0;0.0;0.20;785976;1525224;95;1.4;16;63;82;61;82;56;68;76;67;70;71;60;92;59;90;65;74;63;80;63;83;60;66;71;67;71;68;59;80;59;93;61;69
813682753;0;368500;1;39;0.0;-0.0000010;n/a;n/a;n/a;27;inf;1.1;62624.000000;0;0.0;0.0;0.0;28;58;104544.000000;0;0.0;0.0;0.0;0.0;0.20;785976;1525224;95;1.3;16;75;75;64;82;65;81;61;76;64;72;61;85;66;86;72;80;79;79;66;81;64;73;66;77;68;68;62;85;64;81;70;74
813683752;0;368500;1;35;0.0;0.0000053;n/a;n/a;n/a;27;64;1.1;125322.445312;0;0.0;0.0;0.0;28;0.0;162220.406250;0;0.0;0.0;0.0;0.0;0.20;785976;1525224;95;1.3;16;59;72;70;76;61;77;57;79;57;81;59;70;64;60;63;92;61;70;69;83;56;84;60;77;58;77;59;68;68;80;61;92
813684751;0;368500;1;38;0.0;-0.0000094;n/a;n/a;n/a;27;70;1.0;15535.269531;0;0.0;0.0;0.0;28;0.0;125908.710938;0;0.0;0.0;0.0;0.0;0.20;785976;1525224;95;1.3;16;58;79;65;85;70;91;64;76;65;72;60;73;70;66;64;74;68;85;60;71;73;91;67;74;64;73;61;72;64;68;62;76
813685750;0;368500;1;36;0.0;-0.0000059;n/a;n/a;n/a;27;70;1.1;111969.695312;0;0.0;0.0;0.0;28;0.0;133757.578125;0;0.0;0.0;0.0;0.0;0.20;785976;1525224;95;1.4;16;64;66;74;73;59;83;62;97;62;88;64;66;77;79;66;68;62;68;73;76;62;77;66;87;63;87;66;66;70;83;63;68
813686749;0;368500;1;38;0.0;-0.00000016;n/a;n/a;n/a;26;inf;1.0;17408.000000;0;0.0;0.0;0.0;28;0.0;139136.000000;0;0.0;0.0;0.0;0.0;0.20;785976;1525224;95;1.3;16;67;86;62;76;60;68;81;80;60;79;63;68;59;87;65;67;65;86;63;79;63;70;78;72;65;85;65;66;64;87;61;66
813687748;0;368500;1;25;0.0;-0.0000020;n/a;n/a;n/a;27;70;1.0;2996780.500000;0;0.0;0.0;0.0;28;0.0;166991.875000;0;0.0;0.0;0.0;0.0;0.20;785976;1525224;95;1.7;16;63;71;65;85;71;75;64;69;70;72;66;69;75;87;66;88;65;71;63;81;71;77;69;72;69;70;66;70;72;91;69;84
813688746;0;368500;1;32;0.0;-0.00000014;n/a;n/a;n/a;27;inf;1.2;570803.125000;0;0.0;0.0;0.0;28;69;168535.437500;0;0.0;0.0;0.0;0.0;0.20;785976;1525224;95;1.4;16;58;68;60;86;64;71;62;82;76;84;72;66;60;75;60;87;60;67;58;78;69;74;68;68;69;88;67;70;59;85;59;83
813689744;0;368500;1;32;0.0;-0.0000073;n/a;n/a;n/a;27;70;1.2;354506.031250;0;0.0;0.0;0.0;28;3.0;229975.906250;0;0.0;0.0;0.0;0.0;0.20;785976;1525224;95;1.4;16;61;81;61;72;59;70;79;80;60;90;60;76;60;71;68;68;63;91;60;74;57;68;74;77;61;89;60;79;61;67;66;71
813690743;0;368500;1;32;0.0;-0.0000022;n/a;n/a;n/a;27;inf;1.2;499378.500000;0;0.0;0.0;0.0;28;3.0;176764.937500;0;0.0;0.0;0.0;0.0;0.20;785976;1525224;95;1.4;16;62;88;58;70;63;75;83;80;64;82;64;75;63;69;64;71;61;85;60;73;62;74;76;81;60;97;63;84;72;68;56;70
813691739;0;368500;1;34;0.0;-0.0000036;n/a;n/a;n/a;27;64;1.2;221312.000000;0;0.0;0.0;0.0;28;0.0;191200.000000;0;0.0;0.0;0.0;0.0;0.20;785976;1525224;95;1.4;16;63;89;65;66;58;67;60;84;68;72;70;73;65;70;62;89;59;91;59;72;58;68;64;75;60;73;69;77;71;69;58;90
813692738;0;368500;1;32;0.0;-0.0000011;n/a;n/a;n/a;27;70;1.2;458795.187500;0;0.0;0.0;0.0;28;0.0;195052.203125;0;0.0;0.0;0.0;0.0;0.20;785976;1525224;95;1.4;16;61;87;62;61;58;66;61;66;58;93;58;71;81;71;67;81;60;91;62;64;58;66;63;70;60;92;57;73;73;75;63;76
813693736;0;368500;1;33;0.0;-0.00000023;n/a;n/a;n/a;27;70;1.2;272605.562500;0;0.0;0.0;0.0;28;0.0;187187.250000;0;0.0;0.0;0.0;0.0;0.20;785976;1525224;95;1.3;16;60;78;67;68;66;67;58;80;64;82;66;74;73;91;68;76;61;78;67;70;62;59;65;84;65;78;69;72;77;94;69;75
813694734;0;368500;1;35;0.0;-0.0000015;n/a;n/a;n/a;27;inf;1.1;224000.000000;0;0.0;0.0;0.0;28;0.0;212947.796875;0;0.0;0.0;0.0;0.0;0.20;785976;1525224;95;1.4;16;60;85;88;65;62;79;58;86;60;77;59;80;65;66;63;84;59;72;81;66;58;77;59;83;58;77;58;72;63;68;59;73
813695733;0;368500;1;32;0.0;-0.0000065;n/a;n/a;n/a;27;70;1.1;321784.875000;0;0.0;0.0;0.0;28;0.0;164812.750000;0;0.0;0.0;0.0;0.0;0.20;785976;1525224;95;1.4;16;62;87;66;83;60;65;62;87;66;75;64;66;71;67;62;73;57;84;63;84;58;71;65;92;61;77;67;73;66;72;62;71
813696731;0;368500;1;38;0.0;-0.0000065;n/a;n/a;n/a;27;inf;1.0;144288.000000;0;0.0;0.0;0.0;28;82;187488.000000;0;0.0;0.0;0.0;0.0;0.20;785976;1525224;95;1.3;16;65;75;73;85;60;74;64;88;61;67;58;66;77;82;65;90;61;77;67;81;63;70;61;83;59;65;62;67;72;75;60;71
813697730;0;368500;1;36;0.0;0.0000022;n/a;n/a;n/a;27;70;1.0;22528.000000;0;0.0;0.0;0.0;28;0.0;165632.000000;0;0.0;0.0;0.0;0.0;0.20;785976;1525224;95;1.3;16;61;78;62;65;89;68;58;85;59;77;55;67;58;96;63;88;56;76;60;65;75;69;62;84;59;73;58;67;59;81;56;81
813698729;0;368500;1;36;0.0;-0.0000064;n/a;n/a;n/a;27;inf;1.0;73156.625000;0;0.0;0.0;0.0;28;0.0;169574.296875;0;0.0;0.0;0.0;0.0;0.20;785976;1525224;95;1.3;16;57;84;57;66;94;78;59;69;57;71;57;66;60;82;63;93;60;83;56;66;71;79;64;76;60;72;59;66;63;77;60;91
813699727;0;368500;1;37;0.0;-0.0000039;n/a;n/a;n/a;27;64;1.0;19968.000000;0;0.0;0.0;0.0;28;82;156928.000000;0;0.0;0.0;0.0;0.0;0.20;785976;1525224;95;1.3;16;68;77;62;70;90;71;62;72;60;76;62;66;62;82;63;84;68;74;60;69;79;76;60;75;61;81;61;66;64;92;65;82
813700726;0;368500;1;35;0.0;-0.0000058;n/a;n/a;n/a;27;inf;1.0;400573.718750;0;0.0;0.0;0.0;28;74;159298.812500;0;0.0;0.0;0.0;0.0;0.20;785976;1525224;95;1.4;16;58;62;74;94;75;76;60;63;60;67;66;65;66;88;64;66;61;65;72;86;63;90;62;67;59;65;62;65;71;92;63;77
813701724;0;368500;1;25;0.0;-0.0000088;n/a;n/a;n/a;27;64;1.0;3064832.000000;0;0.0;0.0;0.0;28;58;197504.000000;0;0.0;0.0;0.0;0.0;0.20;785976;1525224;95;1.8;16;63;77;71;78;60;89;63;65;74;75;61;91;62;75;72;71;65;71;72;78;61;90;61;68;72;84;58;82;60;73;63;70
813702723;0;368500;1;34;0.0;-0.0000058;n/a;n/a;n/a;27;70;1.0;501888.000000;0;0.0;0.0;0.0;28;0.0;173952.000000;0;0.0;0.0;0.0;0.0;0.20;785976;1525224;95;1.4;16;85;76;64;64;63;85;67;72;64;74;62;89;68;58;64;78;86;77;60;66;61;89;65;66;62;73;62;78;66;62;66;77
813703723;0;368500;1;36;0.0;-0.000026;n/a;n/a;n/a;27;70;1.0;119360.000000;0;0.0;0.0;0.0;28;0.0;124672.000000;0;0.0;0.0;0.0;0.0;0.20;785976;1525224;95;1.3;16;84;93;71;89;60;78;61;65;59;63;59;68;58;77;65;66;74;76;62;95;58;75;62;66;60;71;59;64;59;76;65;72
813704721;0;368500;1;38;0.0;-0.000033;n/a;n/a;n/a;26;70;1.1;67360.000000;0;0.0;0.0;0.0;28;0.0;156160.000000;0;0.0;0.0;0.0;0.0;0.20;785976;1525224;95;1.4;16;68;92;86;88;62;67;63;71;61;58;60;63;62;84;66;63;70;87;85;77;62;63;61;69;61;62;61;63;63;93;65;66
813705719;0;368500;1;38;0.0;-0.000020;n/a;n/a;n/a;27;64;1.0;17536.000000;0;0.0;0.0;0.0;28;0.0;109984.000000;0;0.0;0.0;0.0;0.0;0.20;785976;1525224;95;1.3;16;60;94;65;65;70;64;78;69;59;82;57;75;66;70;62;77;60;93;68;65;68;66;73;76;65;82;60;77;64;66;64;76
813706718;0;368500;1;39;0.0;-0.0000100;n/a;n/a;n/a;26;inf;1.0;14720.000000;0;0.0;0.0;0.0;28;58;121856.000000;0;0.0;0.0;0.0;0.0;0.20;785976;1525224;95;1.3;16;65;76;64;73;67;67;78;69;66;84;61;92;63;73;69;70;58;77;59;73;63;79;77;71;67;88;61;81;67;82;60;73
813707716;0;368500;1;37;0.0;-0.000022;n/a;n/a;n/a;26;70;1.0;19840.000000;0;0.0;0.0;0.0;28;0.0;141472.000000;0;0.0;0.0;0.0;0.0;0.20;785976;1525224;95;1.3;16;63;70;72;88;61;64;72;95;60;84;58;74;60;66;61;66;61;69;60;91;58;67;84;72;60;86;68;81;61;60;60;70
813708715;0;368500;1;38;0.0;-0.000025;n/a;n/a;n/a;27;inf;1.1;115648.000000;0;0.0;0.0;0.0;28;0.0;136192.000000;0;0.0;0.0;0.0;0.0;0.20;785976;1525224;95;1.3;16;60;67;70;71;60;67;64;93;60;86;60;67;64;83;72;70;62;67;72;76;59;67;71;89;63;92;61;67;62;76;63;68
813709714;0;368500;1;36;0.0;-0.000030;n/a;n/a;n/a;27;63;1.0;147104.000000;0;0.0;0.0;0.0;28;0.0;164928.000000;0;0.0;0.0;0.0;0.0;0.20;785976;1525224;95;1.3;16;64;74;66;65;59;75;73;97;58;76;59;64;61;82;67;70;61;68;61;67;58;71;77;90;63;82;58;64;62;86;71;78
813710712;0;368500;1;34;0.0;-0.000027;n/a;n/a;n/a;27;inf;1.1;326784.000000;0;0.0;0.0;0.0;28;0.0;203712.000000;0;0.0;0.0;0.0;0.0;0.20;785976;1525224;95;1.4;16;56;68;61;74;58;66;82;97;58;67;59;70;55;100;63;69;60;68;61;70;53;65;80;89;55;67;58;71;57;97;61;70
813711711;0;368500;1;32;0.0;-0.000021;n/a;n/a;n/a;27;70;1.1;671228.937500;0;0.0;0.0;0.0;28;3.0;184032.125000;0;0.0;0.0;0.0;0.0;0.20;785976;1525224;95;1.4;16;59;66;60;70;60;89;69;81;62;80;57;79;59;73;62;66;62;73;57;70;69;92;75;75;65;87;58;88;62;70;59;68
813712710;0;368500;1;35;0.0;-0.000011;n/a;n/a;n/a;27;inf;1.0;513912.343750;0;0.0;0.0;0.0;28;0.0;147251.000000;0;0.0;0.0;0.0;0.0;0.20;785976;1525224;95;1.4;16;58;80;62;85;77;70;63;82;77;72;57;85;58;69;62;64;59;80;57;83;69;72;59;76;75;69;60;87;60;69;59;65
813713709;0;368500;1;32;0.0;0.00000059;n/a;n/a;n/a;27;70;1.1;580819.250000;0;0.0;0.0;0.0;28;58;127453.812500;0;0.0;0.0;0.0;0.0;0.20;785976;1525224;95;1.4;16;71;78;60;98;56;68;56;74;58;73;67;87;59;63;62;64;72;80;66;84;54;70;56;74;61;76;72;82;58;70;59;64
813714707;0;368500;1;33;0.0;-0.0000024;n/a;n/a;n/a;27;inf;1.1;740940.250000;0;0.0;0.0;0.0;28;0.0;181482.078125;0;0.0;0.0;0.0;0.0;0.20;785976;1525224;95;1.4;16;61;68;74;88;60;68;74;83;60;86;61;70;60;74;64;67;58;70;68;88;58;73;78;84;60;82;66;77;62;78;62;66
813715705;0;368500;1;33;0.0;-0.000012;n/a;n/a;n/a;28;63;1.2;624224.000000;0;0.0;0.0;0.0;28;0.0;182560.000000;0;0.0;0.0;0.0;0.0;0.20;785976;1525224;95;1.4;16;65;66;68;74;61;83;78;98;59;80;68;68;64;81;68;59;66;68;66;59;63;86;75;85;62;68;67;69;63;82;67;72
813716703;0;368500;1;33;0.0;-0.000010;n/a;n/a;n/a;27;70;1.0;688128.500000;0;0.0;0.0;0.0;28;0.0;203919.671875;0;0.0;0.0;0.0;0.0;0.20;785976;1525224;95;1.5;16;61;70;69;78;67;80;76;91;68;74;75;70;65;85;66;80;62;68;62;71;65;72;74;77;63;68;75;69;64;82;63;84
813717702;0;368500;1;38;0.0;-0.0000040;n/a;n/a;n/a;26;65;1.1;64796.812500;0;0.0;0.0;0.0;28;0.0;138486.062500;0;0.0;0.0;0.0;0.0;0.20;785976;1525224;95;1.3;16;52;85;60;69;55;83;74;86;58;73;58;66;63;76;59;70;57;75;55;68;57;81;82;83;60;86;58;68;65;95;55;70
813718700;0;368500;1;38;0.0;-0.0000012;n/a;n/a;n/a;27;inf;1.1;65445.781250;0;0.0;0.0;0.0;28;0.0;168995.984375;0;0.0;0.0;0.0;0.0;0.20;785976;1525224;95;1.3;16;58;91;60;75;61;77;66;68;68;74;63;89;82;73;64;69;60;88;61;66;65;69;66;71;69;71;60;83;73;74;64;70
813719699;0;368500;1;37;0.0;-0.000027;n/a;n/a;n/a;26;70;1.0;19888.445312;0;0.0;0.0;0.0;28;0.0;181322.703125;0;0.0;0.0;0.0;0.0;0.20;785976;1525224;95;1.3;16;60;96;57;80;57;73;56;70;63;70;62;71;62;74;76;85;56;86;55;89;62;76;57;66;61;70;78;70;64;77;66;85
813720698;0;368500;1;38;0.0;-0.000027;n/a;n/a;n/a;26;inf;1.0;17691.056641;0;0.0;0.0;0.0;27;0.0;120065.039062;0;0.0;0.0;0.0;0.0;0.20;785976;1525224;95;1.3;16;74;85;61;67;60;80;64;76;59;80;60;76;60;61;81;60;65;91;61;69;62;66;60;69;61;82;63;80;62;63;80;71
813721697;0;368500;1;38;0.0;-0.000024;n/a;n/a;n/a;27;70;1.1;64283.464844;0;0.0;0.0;0.0;28;0.0;119338.585938;0;0.0;0.0;0.0;0.0;0.20;785976;1525224;95;1.3;16;60;79;79;69;68;69;58;76;60;75;62;85;59;77;64;73;67;78;78;74;68;69;61;76;62;78;59;87;62;88;59;82
813722695;0;368500;1;40;0.0;-0.0000030;n/a;n/a;n/a;26;inf;1.0;12416.000000;0;0.0;0.0;0.0;28;0.0;115712.000000;0;0.0;0.0;0.0;0.0;0.20;785976;1525224;95;1.3;16;64;94;86;62;65;75;60;64;62;72;64;69;63;87;66;78;60;82;73;66;66;70;60;63;65;70;61;69;61;95;61;81
813723694;0;368500;1;38;0.0;-0.0000034;n/a;n/a;n/a;27;70;1.0;15104.000000;0;0.0;0.0;0.0;28;0.0;132736.000000;0;0.0;0.0;0.0;0.0;0.20;785976;1525224;95;1.3;16;70;68;63;87;59;62;61;64;61;80;69;79;64;76;63;76;76;68;63;78;64;59;64;64;61;83;73;87;73;64;60;76
813724693;0;368500;1;40;0.0;-0.0000065;n/a;n/a;n/a;26;inf;1.0;12160.000000;0;0.0;0.0;0.0;28;0.0;112512.000000;0;0.0;0.0;0.0;0.0;0.20;785976;1525224;95;1.3;16;65;74;60;81;61;71;56;76;57;87;59;77;60;76;85;76;64;76;59;87;61;68;61;70;58;86;59;82;64;71;80;70
813725691;0;368500;1;38;0.0;-0.0000029;n/a;n/a;n/a;27;70;1.0;15225.806641;0;0.0;0.0;0.0;28;0.0;116258.062500;0;0.0;0.0;0.0;0.0;0.20;785976;1525224;95;1.3;16;62;66;56;87;58;80;66;72;58;82;69;72;65;72;63;82;58;67;61;88;66;80;66;67;63;83;63;71;76;81;59;78
813726689;0;368500;1;40;0.0;-0.0000073;n/a;n/a;n/a;27;inf;1.0;12571.428711;0;0.0;0.0;0.0;28;0.0;94603.171875;0;0.0;0.0;0.0;0.0;0.20;785976;1525224;95;1.3;16;63;67;77;80;57;79;64;76;57;78;61;67;57;92;61;72;60;67;82;97;61;80;64;76;57;81;62;67;57;81;57;71
813727687;0;368500;1;38;0.0;-0.0000018;n/a;n/a;n/a;27;70;1.0;15104.000000;0;0.0;0.0;0.0;28;0.0;115584.000000;0;0.0;0.0;0.0;0.0;0.20;785976;1525224;95;1.3;16;81;64;61;69;70;64;58;94;57;84;59;68;60;82;66;67;79;70;62;76;66;70;58;88;60;94;59;69;57;92;61;66
813728685;0;368500;1;38;0.0;-0.0000084;n/a;n/a;n/a;26;inf;1.0;63552.000000;0;0.0;0.0;0.0;28;0.0;115712.000000;0;0.0;0.0;0.0;0.0;0.20;785976;1525224;95;1.3;16;80;70;55;77;58;73;56;73;56;89;60;69;57;69;58;90;82;72;55;81;60;76;57;78;54;90;62;70;55;73;55;89
813729683;0;368500;1;38;0.0;-0.000024;n/a;n/a;n/a;26;70;1.0;14976.000000;0;0.0;0.0;0.0;28;0.0;115584.000000;0;0.0;0.0;0.0;0.0;0.20;785976;1525224;95;1.3;16;64;66;61;84;78;70;59;68;65;77;71;74;66;78;70;70;62;68;61;87;72;79;64;74;63;90;72;80;60;67;68;67
813730682;0;368500;1;40;0.0;-0.000010;n/a;n/a;n/a;26;inf;1.0;12544.000000;0;0.0;0.0;0.0;28;0.0;95360.000000;0;0.0;0.0;0.0;0.0;0.20;785976;1525224;95;1.3;16;56;68;59;81;61;77;58;74;61;77;76;75;58;94;68;72;57;66;61;71;63;83;58;76;61;83;76;76;60;83;60;72
813731680;0;368500;1;38;0.0;0.0000080;n/a;n/a;n/a;26;70;1.0;15157.894531;0;0.0;0.0;0.0;28;0.0;116728.742188;0;0.0;0.0;0.0;0.0;0.20;785976;1525224;95;1.3;16;61;71;60;82;61;84;60;66;63;69;60;79;81;92;72;77;63;72;58;73;65;81;62;71;61;67;65;81;73;89;77;71
813732679;0;368500;1;40;0.0;0.00000038;n/a;n/a;n/a;27;inf;1.0;12521.739258;0;0.0;0.0;0.0;28;0.0;111177.867188;0;0.0;0.0;0.0;0.0;0.20;785976;1525224;95;1.2;16;60;86;65;69;60;71;82;79;57;68;58;81;62;83;61;65;63;74;60;69;59;71;65;86;61;67;59;93;65;96;62;62
813733678;0;368500;1;38;0.0;-0.0000067;n/a;n/a;n/a;27;70;1.0;14976.000000;0;0.0;0.0;0.0;28;0.0;115584.000000;0;0.0;0.0;0.0;0.0;0.20;785976;1525224;95;1.3;16;61;72;67;74;60;64;66;67;70;86;64;72;61;83;66;78;62;68;65;79;66;65;72;72;65;87;62;75;63;93;60;80
813734676;0;368500;1;40;0.0;-0.0000014;n/a;n/a;n/a;27;inf;1.0;12645.161133;0;0.0;0.0;0.0;28;0.0;95870.968750;0;0.0;0.0;0.0;0.0;0.20;785976;1525224;95;1.3;16;65;72;67;81;64;63;72;93;62;72;66;88;61;65;75;67;60;65;63;75;63;63;75;82;63;75;62;92;60;68;64;73
813735674;0;368500;1;38;0.0;-0.0000019;n/a;n/a;n/a;26;70;1.0;14857.142578;0;0.0;0.0;0.0;28;0.0;117238.093750;0;0.0;0.0;0.0;0.0;0.20;785976;1525224;95;1.3;16;59;80;61;82;60;76;74;63;68;73;61;82;59;88;70;64;60;76;59;76;65;75;84;68;63;70;59;87;61;93;62;52
813736672;0;368500;1;40;0.0;0.0000013;n/a;n/a;n/a;26;inf;1.0;12416.000000;0;0.0;0.0;0.0;28;0.0;112512.000000;0;0.0;0.0;0.0;0.0;0.20;785976;1525224;95;1.3;16;58;83;55;78;60;74;78;77;59;76;60;69;69;97;61;74;59;77;58;77;61;73;69;66;59;85;56;68;72;90;60;75
813737670;0;368500;1;38;0.0;-0.0000037;n/a;n/a;n/a;27;70;1.0;15360.000000;0;0.0;0.0;0.0;28;0.0;115328.000000;0;0.0;0.0;0.0;0.0;0.20;785976;1525224;95;1.3;16;63;85;68;68;63;79;61;62;78;75;70;82;67;69;66;65;64;75;68;69;67;85;61;68;76;89;80;89;69;66;62;63
813738669;0;368500;1;40;0.0;-0.0000059;n/a;n/a;n/a;26;inf;1.0;12416.000000;0;0.0;0.0;0.0;28;0.0;112512.000000;0;0.0;0.0;0.0;0.0;0.20;785976;1525224;95;1.3;16;62;63;66;99;63;80;60;61;60;69;80;69;60;79;65;61;61;65;68;82;64;74;58;65;63;78;88;82;63;82;62;63
813739668;0;368500;1;38;0.0;-0.0000039;n/a;n/a;n/a;27;70;1.0;15104.000000;0;0.0;0.0;0.0;28;0.0;115328.000000;0;0.0;0.0;0.0;0.0;0.20;785976;1525224;95;1.3;16;61;67;62;80;71;76;64;73;58;66;77;76;66;90;73;76;64;69;60;93;67;77;60;74;61;70;77;71;66;89;69;69
813740666;0;368500;1;40;0.0;-0.0000038;n/a;n/a;n/a;27;inf;1.0;12672.000000;0;0.0;0.0;0.0;27;0.0;100768.000000;0;0.0;0.0;0.0;0.0;0.20;785976;1525224;95;1.3;16;67;71;58;89;69;72;57;87;59;72;61;77;63;93;64;65;74;70;58;84;75;70;57;81;57;71;60;75;61;95;64;67
813741664;0;368500;1;38;0.0;-0.0000093;n/a;n/a;n/a;26;70;1.0;15036.144531;0;0.0;0.0;0.0;28;0.0;116048.195312;0;0.0;0.0;0.0;0.0;0.20;785976;1525224;95;1.3;16;62;70;58;67;62;68;62;74;59;67;79;95;65;96;61;70;57;68;60;71;68;77;67;74;59;67;73;88;62;78;58;65
813742662;0;368500;1;39;0.0;-0.0000062;n/a;n/a;n/a;27;inf;1.1;62501.992188;0;0.0;0.0;0.0;28;3.0;112063.742188;0;0.0;0.0;0.0;0.0;0.20;785976;1525224;95;1.3;16;60;68;56;71;57;81;69;83;57;81;65;80;65;76;73;70;61;71;57;78;62;81;63;81;57;75;59;76;61;86;68;74
813743661;0;368500;1;38;0.0;-0.0000063;n/a;n/a;n/a;27;70;1.1;65312.000000;0;0.0;0.0;0.0;28;0.0;135648.000000;0;0.0;0.0;0.0;0.0;0.20;785976;1525224;95;1.3;16;59;70;76;82;55;76;53;78;62;69;59;84;73;69;57;92;56;67;64;83;61;84;55;73;56;72;56;75;62;72;58;86
813744660;0;368500;1;40;0.0;-0.000018;n/a;n/a;n/a;26;inf;1.0;12544.000000;0;0.0;0.0;0.0;28;0.0;95360.000000;0;0.0;0.0;0.0;0.0;0.20;785976;1525224;95;1.2;16;58;71;59;97;57;67;61;73;56;84;59;75;74;68;61;75;62;77;57;84;62;66;65;78;56;84;65;68;82;73;60;70
813745659;0;368500;1;38;0.0;-0.0000047;n/a;n/a;n/a;26;70;1.0;14848.000000;0;0.0;0.0;0.0;28;0.0;115584.000000;0;0.0;0.0;0.0;0.0;0.20;785976;1525224;95;1.3;16;69;69;58;94;55;69;55;66;54;74;57;85;74;92;62;81;72;72;58;81;60;72;55;67;55;71;67;76;69;89;60;77
813746658;0;368500;1;40;0.0;-0.0000023;n/a;n/a;n/a;26;inf;1.0;12416.000000;0;0.0;0.0;0.0;28;0.0;112512.000000;0;0.0;0.0;0.0;0.0;0.20;785976;1525224;95;1.3;16;75;65;59;67;61;90;64;75;60;76;62;89;74;63;77;73;67;65;62;73;64;90;62;71;59;68;63;83;69;67;70;88
813747657;0;368500;1;38;0.0;-0.0000034;n/a;n/a;n/a;26;70;1.0;14907.630859;0;0.0;0.0;0.0;28;0.0;121991.968750;0;0.0;0.0;0.0;0.0;0.20;785976;1525224;95;1.3;16;64;69;67;76;67;93;62;82;66;79;65;70;74;69;72;70;65;66;70;73;71;93;66;75;64;89;66;72;76;69;80;72
813748655;0;368500;1;40;0.0;-0.0000032;n/a;n/a;n/a;26;inf;1.0;9944.222656;0;0.0;0.0;0.0;28;0.0;112796.812500;0;0.0;0.0;0.0;0.0;0.20;785976;1525224;95;1.3;16;63;77;70;69;57;71;59;83;70;97;73;67;64;73;58;81;61;79;61;72;61;73;57;83;81;93;60;70;59;78;60;82
813749654;0;368500;1;38;0.0;-0.0000060;n/a;n/a;n/a;27;70;1.0;15164.658203;0;0.0;0.0;0.0;28;0.0;139662.656250;0;0.0;0.0;0.0;0.0;0.20;785976;1525224;95;1.3;16;65;81;64;67;62;68;61;85;70;85;74;68;59;72;63;78;68;88;61;68;65;69;61;81;72;91;82;69;61;79;59;79
813750653;0;368500;1;40;0.0;-0.000026;n/a;n/a;n/a;26;inf;1.0;12239.043945;0;0.0;0.0;0.0;28;0.0;112318.726562;0;0.0;0.0;0.0;0.0;0.20;785976;1525224;95;1.3;16;63;87;58;67;73;67;56;72;62;97;59;67;62;67;64;65;64;90;61;69;84;69;60;73;56;98;58;68;59;74;66;65
813751652;0;368500;1;38;0.0;-0.000022;n/a;n/a;n/a;26;70;1.0;17536.000000;0;0.0;0.0;0.0;28;0.0;118272.000000;0;0.0;0.0;0.0;0.0;0.20;785976;1525224;95;1.3;16;63;87;56;65;59;69;71;83;60;83;58;74;68;88;67;76;60;75;56;66;59;70;70;77;56;81;57;71;66;87;73;76
813752651;0;368500;1;40;0.0;-0.000031;n/a;n/a;n/a;27;inf;1.0;12594.377930;0;0.0;0.0;0.0;28;0.0;101558.234375;0;0.0;0.0;0.0;0.0;0.20;785976;1525224;95;1.3;16;58;65;65;74;60;83;87;73;61;54;63;77;64;85;66;79;57;68;61;73;61;85;78;69;60;68;62;82;59;96;62;73
813753650;0;368500;1;38;0.0;-0.0000082;n/a;n/a;n/a;26;70;1.0;14788.844727;0;0.0;0.0;0.0;28;0.0;121019.921875;0;0.0;0.0;0.0;0.0;0.20;785976;1525224;95;1.3;16;61;77;60;87;62;86;60;90;62;72;86;72;56;78;62;70;65;70;59;77;59;91;64;83;60;69;85;71;55;82;61;71
813754648;0;368500;1;40;0.0;0.00000012;n/a;n/a;n/a;26;inf;1.0;12416.000000;0;0.0;0.0;0.0;28;0.0;95360.000000;0;0.0;0.0;0.0;0.0;0.20;785976;1525224;95;1.3;16;64;75;60;65;63;69;59;69;61;92;88;69;62;91;61;89;57;80;60;71;62;69;67;70;59;93;76;71;57;93;61;83
813755647;0;368500;1;38;0.0;0.0000023;n/a;n/a;n/a;26;70;1.0;14848.000000;0;0.0;0.0;0.0;28;0.0;115584.000000;0;0.0;0.0;0.0;0.0;0.20;785976;1525224;95;1.3;16;58;70;60;75;60;76;72;82;75;95;73;83;63;76;61;79;59;70;62;81;63;76;70;69;77;85;63;75;59;64;66;73
813756646;0;368500;1;34;0.0;-0.000011;n/a;n/a;n/a;27;inf;1.1;610526.312500;0;0.0;0.0;0.0;28;3.0;102510.125000;0;0.0;0.0;0.0;0.0;0.20;785976;1525224;95;1.4;16;62;67;60;68;63;91;61;73;76;88;61;65;63;71;61;76;64;65;61;69;64;93;62;68;92;98;62;63;65;69;60;72
813757645;0;368500;1;38;0.0;-0.0000044;n/a;n/a;n/a;27;70;1.1;64537.550781;0;0.0;0.0;0.0;28;0.0;134292.484375;0;0.0;0.0;0.0;0.0;0.20;785976;1525224;95;1.3;16;65;67;67;90;60;79;62;73;65;84;59;75;71;75;60;66;63;68;72;85;57;81;65;72;76;77;64;74;64;72;65;68
813758644;0;368500;1;40;0.0;-0.0000022;n/a;n/a;n/a;26;inf;1.0;12465.863281;0;0.0;0.0;0.0;28;0.0;95742.968750;0;0.0;0.0;0.0;0.0;0.20;785976;1525224;95;1.3;16;62;72;67;94;64;78;59;94;62;76;58;67;57;63;56;76;76;68;71;89;56;82;60;84;57;71;56;71;61;68;58;76
813759642;0;368500;1;38;0.0;-0.0000066;n/a;n/a;n/a;27;70;1.0;15171.314453;0;0.0;0.0;0.0;28;0.0;115123.507812;0;0.0;0.0;0.0;0.0;0.20;785976;1525224;95;1.3;16;57;75;69;95;61;81;60;75;62;83;63;70;65;68;72;79;57;73;70;81;61;83;65;74;56;89;66;72;61;67;64;82
813760641;0;368500;1;40;0.0;0.0000034;n/a;n/a;n/a;27;inf;1.0;12544.000000;0;0.0;0.0;0.0;28;0.0;95104.000000;0;0.0;0.0;0.0;0.0;0.20;785976;1525224;95;1.3;16;57;70;58;95;59;70;60;83;60;71;60;89;62;77;74;80;72;69;58;87;56;69;60;73;58;73;63;80;63;82;68;72
813761640;0;368500;1;37;0.0;-0.000000037;n/a;n/a;n/a;26;70;1.0;65856.000000;0;0.0;0.0;0.0;28;0.0;118784.000000;0;0.0;0.0;0.0;0.0;0.20;785976;1525224;95;1.3;16;63;76;68;77;61;74;61;71;61;67;66;72;77;89;65;83;61;82;73;72;63;80;63;70;60;66;62;74;78;90;64;88
813762638;0;368500;1;38;0.0;-0.0000049;n/a;n/a;n/a;27;inf;1.0;20224.000000;0;0.0;0.0;0.0;28;0.0;141376.000000;0;0.0;0.0;0.0;0.0;0.20;785976;1525224;95;1.3;16;62;67;73;65;61;72;72;83;68;66;61;95;60;83;63;68;61;65;65;68;65;71;69;91;61;64;61;89;62;89;68;71
813763636;0;368500;1;38;0.0;-0.0000060;n/a;n/a;n/a;27;70;1.0;15225.806641;0;0.0;0.0;0.0;28;0.0;116516.132812;0;0.0;0.0;0.0;0.0;0.20;785976;1525224;95;1.3;16;64;89;86;78;70;64;58;72;63;64;61;71;64;95;66;81;63;84;84;70;64;66;59;65;61;63;63;75;61;86;67;81
813764635;0;368500;1;40;0.0;-0.0000061;n/a;n/a;n/a;26;inf;1.0;12444.444336;0;0.0;0.0;0.0;28;0.0;94603.171875;0;0.0;0.0;0.0;0.0;0.20;785976;1525224;95;1.3;16;58;73;72;74;60;67;60;85;61;65;76;93;60;91;59;73;60;71;63;75;68;70;63;73;57;65;72;86;60;86;62;76
813765633;0;368500;1;38;0.0;0.0000026;n/a;n/a;n/a;27;70;1.0;15104.000000;0;0.0;0.0;0.0;27;0.0;120992.000000;0;0.0;0.0;0.0;0.0;0.20;785976;1525224;95;1.3;16;62;72;62;76;61;73;65;71;66;67;70;86;65;82;83;80;62;69;67;73;66;76;63;73;64;67;64;88;62;78;79;76
813766632;0;368500;1;40;0.0;-0.0000063;n/a;n/a;n/a;26;inf;1.0;12416.000000;0;0.0;0.0;0.0;28;0.0;95360.000000;0;0.0;0.0;0.0;0.0;0.20;785976;1525224;95;1.3;16;72;80;67;72;63;78;74;79;66;78;59;83;58;67;61;71;61;78;78;70;71;84;63;85;59;69;60;81;59;67;63;68
813767631;0;368500;1;38;0.0;-0.0000025;n/a;n/a;n/a;26;70;1.0;14848.000000;0;0.0;0.0;0.0;28;58;147840.000000;0;0.0;0.0;0.0;0.0;0.20;785976;1525224;95;1.3;16;72;76;56;76;58;66;59;92;68;67;61;80;61;88;69;69;74;76;59;74;60;70;58;92;59;67;58;79;60;93;66;76
813768630;0;368500;1;40;0.0;-0.0000014;n/a;n/a;n/a;27;inf;1.0;12672.000000;0;0.0;0.0;0.0;28;0.0;112512.000000;0;0.0;0.0;0.0;0.0;0.20;785976;1525224;95;1.3;16;80;79;79;77;69;79;65;74;65;71;66;94;64;77;73;70;67;77;74;68;68;86;68;72;64;66;65;74;65;72;68;67
813769629;0;368500;1;39;0.0;-0.000011;n/a;n/a;n/a;26;70;1.0;12416.000000;0;0.0;0.0;0.0;28;0.0;112512.000000;0;0.0;0.0;0.0;0.0;0.20;785976;1525224;95;1.3;16;64;82;63;68;78;77;62;69;65;87;62;84;64;66;72;72;76;83;62;71;72;82;69;68;59;89;65;83;62;70;63;72
813770627;0;368500;1;40;0.0;-0.000023;n/a;n/a;n/a;27;inf;1.0;12544.000000;0;0.0;0.0;0.0;28;0.0;95104.000000;0;0.0;0.0;0.0;0.0;0.20;785976;1525224;95;1.3;16;64;69;60;68;68;69;60;88;68;96;63;83;72;76;58;84;67;70;60;71;65;65;64;76;65;90;60;75;68;84;60;77
813771626;0;368500;1;35;0.0;-0.000012;n/a;n/a;n/a;27;70;1.1;217248.000000;0;0.0;0.0;0.0;28;0.0;115328.000000;0;0.0;0.0;0.0;0.0;0.20;785976;1525224;95;1.4;16;64;81;68;71;61;66;60;70;57;84;77;78;73;79;59;72;65;84;59;80;65;66;64;74;56;87;73;78;64;76;59;73
813772624;0;368500;1;39;0.0;-0.0000028;n/a;n/a;n/a;27;inf;1.0;15104.000000;0;0.0;0.0;0.0;28;0.0;115328.000000;0;0.0;0.0;0.0;0.0;0.20;785976;1525224;95;1.3;16;69;73;62;80;61;74;62;86;61;85;74;81;70;73;63;73;78;73;63;83;68;72;66;79;59;75;68;76;80;75;61;72
813773621;0;368500;1;38;0.0;0.0000014;n/a;n/a;n/a;27;70;1.0;15164.658203;0;0.0;0.0;0.0;28;0.0;128096.382812;0;0.0;0.0;0.0;0.0;0.20;785976;1525224;95;1.3;16;68;75;62;89;60;81;58;94;67;67;82;72;61;68;61;78;66;79;58;97;63;74;62;84;62;68;77;71;61;67;61;77
813774620;0;368500;1;40;0.0;-0.000011;n/a;n/a;n/a;27;inf;1.0;12621.513672;0;0.0;0.0;0.0;28;0.0;98167.328125;0;0.0;0.0;0.0;0.0;0.20;785976;1525224;95;1.3;16;66;84;62;77;61;80;56;75;63;66;71;70;80;85;62;79;71;85;62;77;64;72;66;78;61;69;68;71;59;93;63;71
813775618;0;368500;1;38;0.0;-0.0000080;n/a;n/a;n/a;27;70;1.0;15157.894531;0;0.0;0.0;0.0;28;0.0;116858.296875;0;0.0;0.0;0.0;0.0;0.20;785976;1525224;95;1.3;16;62;79;73;77;60;84;61;74;60;65;61;93;65;80;60;66;66;73;85;84;61;81;68;73;64;65;61;81;61;83;60;69
813776617;0;368500;1;40;0.0;0.0000019;n/a;n/a;n/a;26;inf;1.0;12239.043945;0;0.0;0.0;0.0;28;0.0;112063.742188;0;0.0;0.0;0.0;0.0;0.20;785976;1525224;95;1.3;16;61;91;63;64;61;85;83;79;62;90;58;72;61;71;62;70;62;81;71;69;60;78;75;81;66;78;59;77;65;67;59;75
813777616;0;368500;1;38;0.0;-0.0000049;n/a;n/a;n/a;26;65;1.0;14857.142578;0;0.0;0.0;0.0;28;0.0;120285.710938;0;0.0;0.0;0.0;0.0;0.20;785976;1525224;95;1.3;16;63;74;64;74;65;72;80;85;70;84;62;71;60;82;63;81;62;65;63;74;65;75;81;74;70;82;63;78;61;82;67;79
813778615;0;368500;1;40;0.0;-0.000014;n/a;n/a;n/a;27;inf;1.0;12594.377930;0;0.0;0.0;0.0;28;0.0;112963.851562;0;0.0;0.0;0.0;0.0;0.20;785976;1525224;95;1.3;16;64;82;66;76;70;71;71;80;66;83;69;77;77;86;69;83;64;77;63;74;68;71;63;77;67;81;65;73;68;86;72;85
813779614;0;368500;1;37;0.0;-0.0000045;n/a;n/a;n/a;27;70;1.0;144095.625000;0;0.0;0.0;0.0;28;0.0;114868.523438;0;0.0;0.0;0.0;0.0;0.20;785976;1525224;95;1.3;16;65;68;69;75;87;67;69;69;68;86;65;67;67;88;75;88;68;67;69;71;78;67;67;70;73;83;66;65;67;89;73;90
813780613;0;368500;1;40;0.0;-0.0000047;n/a;n/a;n/a;27;inf;1.0;12544.000000;0;0.0;0.0;0.0;28;58;112512.000000;0;0.0;0.0;0.0;0.0;0.20;785976;1525224;95;1.3;16;65;76;64;58;73;66;69;65;69;70;64;83;78;77;73;93;65;80;63;69;63;74;73;68;69;69;61;73;68;73;71;91
813781612;0;368500;1;38;0.0;-0.0000064;n/a;n/a;n/a;26;70;1.0;17536.000000;0;0.0;0.0;0.0;28;0.0;118656.000000;0;0.0;0.0;0.0;0.0;0.20;785976;1525224;95;1.3;16;66;91;74;69;65;68;73;64;63;70;60;78;68;71;66;86;67;86;80;80;67;71;65;69;71;67;64;81;68;80;66;86
813782610;0;368500;1;39;0.0;-0.0000053;n/a;n/a;n/a;26;70;1.0;12826.446289;0;0.0;0.0;0.0;28;0.0;98512.398438;0;0.0;0.0;0.0;0.0;0.20;785976;1525224;95;1.3;16;68;76;70;80;64;75;65;63;75;70;61;69;65;72;61;90;70;78;80;87;62;77;61;68;71;68;70;69;65;76;59;87
813783609;0;368500;1;38;0.0;-0.0000047;n/a;n/a;n/a;27;70;1.1;63533.074219;0;0.0;0.0;0.0;28;0.0;98241.242188;0;0.0;0.0;0.0;0.0;0.20;785976;1525224;95;1.3;16;59;76;60;81;64;84;63;71;65;77;62;70;64;73;65;84;63;78;62;90;63;79;59;75;65;75;59;60;76;82;75;78
813784608;0;368500;1;40;0.0;-0.0000066;n/a;n/a;n/a;26;inf;1.0;12366.534180;0;0.0;0.0;0.0;28;0.0;94980.078125;0;0.0;0.0;0.0;0.0;0.20;785976;1525224;95;1.3;16;66;71;64;77;61;82;66;74;62;96;61;67;73;68;72;79;69;71;62;85;64;88;64;75;65;91;63;66;68;67;86;74
813785606;0;368500;1;38;0.0;-0.0000051;n/a;n/a;n/a;27;70;1.0;15096.774414;0;0.0;0.0;0.0;28;0.0;116516.132812;0;0.0;0.0;0.0;0.0;0.20;785976;1525224;95;1.3;16;60;82;61;81;60;82;63;78;65;73;80;72;75;79;58;96;64;93;60;81;63;75;64;77;64;75;70;72;70;71;62;84
813786603;0;368500;1;40;0.0;-0.000012;n/a;n/a;n/a;26;inf;1.0;12063.492188;0;0.0;0.0;0.0;28;0.0;111619.046875;0;0.0;0.0;0.0;0.0;0.20;785976;1525224;95;1.3;16;61;73;63;84;64;76;71;78;62;70;78;62;69;79;66;84;61;75;64;84;61;76;65;76;68;69;73;74;72;79;62;82
813787601;0;368500;1;38;0.0;0.00000048;n/a;n/a;n/a;27;70;1.0;14976.000000;0;0.0;0.0;0.0;28;0.0;118784.000000;0;0.0;0.0;0.0;0.0;0.20;785976;1525224;95;1.3;16;61;85;63;83;67;83;63;70;61;72;59;83;74;69;63;80;62;75;60;89;60;76;59;72;62;72;58;75;84;63;67;85
813788599;0;368500;1;40;0.0;-0.000014;n/a;n/a;n/a;26;inf;1.0;12387.096680;0;0.0;0.0;0.0;28;0.0;113419.351562;0;0.0;0.0;0.0;0.0;0.20;785976;1525224;95;1.3;16;63;75;65;76;80;84;69;63;61;77;70;86;66;89;62;70;63;80;64;78;82;81;74;66;65;72;65;78;62;72;59;69
813789598;0;368500;1;38;0.0;-0.000024;n/a;n/a;n/a;26;70;1.0;14916.334961;0;0.0;0.0;0.0;28;0.0;115123.507812;0;0.0;0.0;0.0;0.0;0.20;785976;1525224;95;1.3;16;64;70;62;84;61;74;77;65;66;98;62;79;75;81;60;68;63;72;65;91;62;76;81;66;65;82;62;82;64;87;58;67
813790596;0;368500;1;40;0.0;-0.000028;n/a;n/a;n/a;26;inf;1.0;12288.000000;0;0.0;0.0;0.0;28;0.0;118432.000000;0;0.0;0.0;0.0;0.0;0.20;785976;1525224;95;1.3;16;58;90;60;68;59;84;77;77;59;69;64;73;61;88;59;81;61;87;58;68;59;73;92;72;61;67;66;69;59;96;62;80
813791593;0;368500;1;38;0.0;-0.000023;n/a;n/a;n/a;26;70;1.0;14916.334961;0;0.0;0.0;0.0;28;0.0;115123.507812;0;0.0;0.0;0.0;0.0;0.20;785976;1525224;95;1.3;16;62;68;60;79;62;73;77;78;60;78;61;85;65;77;63;72;69;70;61;87;63;74;96;72;63;79;61;92;67;76;60;75
813792592;0;368500;1;40;0.0;-0.000026;n/a;n/a;n/a;27;inf;1.0;12800.000000;0;0.0;0.0;0.0;27;0.0;97920.000000;0;0.0;0.0;0.0;0.0;0.20;785976;1525224;95;1.3;16;63;64;65;82;62;76;70;83;62;80;62;73;76;72;69;65;62;63;66;95;62;76;76;91;68;71;68;76;67;67;63;64
813793591;0;368500;1;38;0.0;-0.000021;n/a;n/a;n/a;27;70;1.1;65184.000000;0;0.0;0.0;0.0;28;0.0;121632.000000;0;0.0;0.0;0.0;0.0;0.20;785976;1525224;95;1.3;16;65;65;78;76;60;64;63;70;62;82;65;84;70;68;66;69;64;65;68;78;60;61;59;74;63;80;64;91;71;84;73;68
813794585;0;368500;1;40;0.0;-0.0000061;n/a;n/a;n/a;26;inf;1.0;12288.000000;0;0.0;0.0;0.0;28;0.0;95360.000000;0;0.0;0.0;0.0;0.0;0.20;785976;1525224;95;1.3;16;58;68;60;68;60;75;62;68;63;85;58;82;64;94;79;65;60;64;59;73;61;70;60;63;63;83;58;85;69;95;80;66
813795583;0;368500;1;38;0.0;0.0000018;n/a;n/a;n/a;26;70;1.0;14907.630859;0;0.0;0.0;0.0;28;0.0;115791.164062;0;0.0;0.0;0.0;0.0;0.20;785976;1525224;95;1.3;16;59;77;70;84;77;80;70;82;58;86;55;69;69;75;64;70;59;74;62;86;64;77;63;82;61;82;59;74;62;82;69;70
813796582;0;368500;1;40;0.0;-0.000021;n/a;n/a;n/a;27;inf;1.0;12544.000000;0;0.0;0.0;0.0;28;0.0;95360.000000;0;0.0;0.0;0.0;0.0;0.20;785976;1525224;95;1.3;16;57;81;67;84;61;78;61;66;57;71;57;67;76;94;61;76;57;82;66;77;58;81;59;67;62;71;59;69;88;94;57;72
813797580;0;368500;1;38;0.0;-0.000025;n/a;n/a;n/a;27;70;1.0;15043.824219;0;0.0;0.0;0.0;28;0.0;115123.507812;0;0.0;0.0;0.0;0.0;0.20;785976;1525224;95;1.3;16;62;87;63;73;58;81;64;78;59;74;58;68;81;84;59;65;60;75;65;66;61;92;67;75;61;74;59;68;89;89;57;69
813798578;0;368500;1;39;0.0;-0.000016;n/a;n/a;n/a;26;70;1.0;12721.311523;0;0.0;0.0;0.0;28;0.0;97704.921875;0;0.0;0.0;0.0;0.0;0.20;785976;1525224;95;1.3;16;70;90;57;75;54;78;58;72;51;87;58;76;68;77;57;88;61;79;54;77;55;79;62;76;53;80;55;78;81;72;55;90
